epoch,dice_coef,iou_score,loss,val_dice_coef,val_iou_score,val_loss
0,0.7716618180274963,0.6349742412567139,0.43482640385627747,0.7453946471214294,0.5984850525856018,0.6255016922950745
1,0.825416088104248,0.7042310833930969,0.31753289699554443,0.5888112187385559,0.4178496301174164,0.5842624306678772
2,0.851311206817627,0.742167592048645,0.2736639678478241,0.8485589027404785,0.737543523311615,0.2750159502029419
3,0.8712471723556519,0.7728617787361145,0.23845747113227844,0.8897824287414551,0.8016703128814697,0.2081565409898758
4,0.8776283264160156,0.7828742861747742,0.22545243799686432,0.8733128309249878,0.7754867672920227,0.22933614253997803
5,0.8887750506401062,0.8004516959190369,0.20731514692306519,0.8342624306678772,0.716473400592804,0.2783030867576599
